datetime,pred
2025/03/17 00:00:00,-13.55479119
2025/03/17 01:00:00,-16.43656593
2025/03/17 02:00:00,-10.75846465
2025/03/17 03:00:00,-4.723954642
2025/03/17 04:00:00,0.723450835
2025/03/17 05:00:00,22.42536021
2025/03/17 06:00:00,37.19984639
2025/03/17 07:00:00,44.12849618
2025/03/17 08:00:00,51.81481033
2025/03/17 09:00:00,45.88742745
2025/03/17 10:00:00,34.25109957
2025/03/17 11:00:00,31.95708816
2025/03/17 12:00:00,35.31332909
2025/03/17 13:00:00,28.72885336
2025/03/17 14:00:00,41.94807732
2025/03/17 15:00:00,41.15906803
2025/03/17 16:00:00,60.43769546
2025/03/17 17:00:00,72.94246206
2025/03/17 18:00:00,77.41891908
2025/03/17 19:00:00,64.22153169
2025/03/17 20:00:00,43.11101765
2025/03/17 21:00:00,38.65554637
2025/03/17 22:00:00,29.40359749
17/03/2025 23:00
